{
  "Fiji": [
    178.56893652314392,
    -17.31504815749131
  ],
  "Tanzania": [
    34.74173041609096,
    -6.250659245687626
  ],
  "W. Sahara": [
    -12.18607386518645,
    24.278187611265896
  ],
  "Canada": [
    -96.39596521119846,
    60.47689319168129
  ],
  "United States of America": [
    -103.57252852801429,
    44.75573007084505
  ],
  "Kazakhstan": [
    67.23568238185361,
    48.40585039153326
  ],
  "Uzbekistan": [
    63.36503414799328,
    41.77113926946658
  ],
  "Papua New Guinea": [
    145.3134835731396,
    -6.457287233080053
  ],
  "Indonesia": [
    117.36464278135101,
    -2.2718744795703945
  ],
  "Argentina": [
    -64.75429424155682,
    -34.736621632215964
  ],
  "Chile": [
    -71.17789122485415,
    -37.31091190683756
  ],
  "Dem. Rep. Congo": [
    23.57677487644107,
    -2.838657289105749
  ],
  "Somalia": [
    45.69948397150603,
    4.74148343627302
  ],
  "Kenya": [
    37.79137160957355,
    0.595504521462854
  ],
  "Sudan": [
    29.83062274765237,
    15.971614772036359
  ],
  "Chad": [
    18.57378521873008,
    15.276051828357305
  ],
  "Haiti": [
    -72.65906040585877,
    18.900261803200927
  ],
  "Dominican Rep.": [
    -70.46185863870569,
    18.885420716111305
  ],
  "Russia": [
    95.78533375304583,
    66.06782669636499
  ],
  "Bahamas": [
    -77.92798394733224,
    25.506570940733177
  ],
  "Falkland Is.": [
    -59.415851844252785,
    -51.71627009973495
  ],
  "Norway": [
    12.82926547618235,
    66.64824315415278
  ],
  "Greenland": [
    -41.96489665506525,
    73.15074181673789
  ],
  "Fr. S. Antarctic Lands": [
    69.5308950742775,
    -49.30702018723928
  ],
  "Timor-Leste": [
    125.96733709201654,
    -8.767879046921914
  ],
  "South Africa": [
    25.158116601813372,
    -28.92325013043891
  ],
  "Lesotho": [
    28.171555522078112,
    -29.624638503533284
  ],
  "Mexico": [
    -102.22312784904646,
    23.913416451541593
  ],
  "Uruguay": [
    -56.0098770401033,
    -32.77378565042608
  ],
  "Brazil": [
    -53.172527779720134,
    -10.6554749187722
  ],
  "Bolivia": [
    -64.65468685243751,
    -16.703909810404912
  ],
  "Peru": [
    -74.43056901477348,
    -9.147133411380075
  ],
  "Colombia": [
    -73.07345714315181,
    3.9163468591418087
  ],
  "Panama": [
    -80.10925094669992,
    8.532626555780435
  ],
  "Costa Rica": [
    -84.1734639009167,
    9.965837710986856
  ],
  "Nicaragua": [
    -85.02148399862018,
    12.846636906615657
  ],
  "Honduras": [
    -86.5928338545046,
    14.825126033905285
  ],
  "El Salvador": [
    -88.87191160917233,
    13.726209872261462
  ],
  "Guatemala": [
    -90.37169443008953,
    15.696073861022391
  ],
  "Belize": [
    -88.70377666806235,
    17.1947108110114
  ],
  "Venezuela": [
    -66.15319386889263,
    7.160800541498007
  ],
  "Guyana": [
    -58.96940684277811,
    4.7860844635240625
  ],
  "Suriname": [
    -55.91146172923425,
    4.119699529743588
  ],
  "France": [
    -6.801574616743793,
    43.14028215881337
  ],
  "Ecuador": [
    -78.38369518037301,
    -1.4544335502342323
  ],
  "Puerto Rico": [
    -66.47905702647654,
    18.238007898653617
  ],
  "Jamaica": [
    -77.3242833360015,
    18.13834993339306
  ],
  "Cuba": [
    -78.93178529323538,
    21.647273803320633
  ],
  "Zimbabwe": [
    29.78858348282732,
    -18.900273572780492
  ],
  "Botswana": [
    23.783026621565995,
    -22.082329750830137
  ],
  "Namibia": [
    17.142187820423352,
    -22.040120721139512
  ],
  "Senegal": [
    -14.505963735176849,
    14.353596783110603
  ],
  "Mali": [
    -3.5929264607867344,
    17.240422151001496
  ],
  "Mauritania": [
    -10.348677416082428,
    20.180316183391973
  ],
  "Benin": [
    2.3364334648703755,
    9.642306963005444
  ],
  "Niger": [
    9.274701830040073,
    17.340374170519883
  ],
  "Nigeria": [
    7.985765714993629,
    9.544611591809016
  ],
  "Cameroon": [
    12.605967962806472,
    5.654325259855498
  ],
  "Togo": [
    0.9981293836693488,
    8.434634819184804
  ],
  "Ghana": [
    -1.2370763863815333,
    7.923471570231706
  ],
  "Côte d'Ivoire": [
    -5.6118596115146016,
    7.551542611587612
  ],
  "Guinea": [
    -11.055196197027318,
    10.450014036050117
  ],
  "Guinea-Bissau": [
    -15.110392864548576,
    12.024038012408404
  ],
  "Liberia": [
    -9.408620608546414,
    6.43027308451388
  ],
  "Sierra Leone": [
    -11.795383449912269,
    8.529896051741154
  ],
  "Burkina Faso": [
    -1.7827610045784543,
    12.31295007840512
  ],
  "Central African Rep.": [
    20.367667865493242,
    6.546760195132757
  ],
  "Congo": [
    15.136018192660343,
    -0.8366679709430046
  ],
  "Gabon": [
    11.687429649125713,
    -0.6468832071208366
  ],
  "Eq. Guinea": [
    10.365692891756174,
    1.6463619203400401
  ],
  "Zambia": [
    27.761320995528724,
    -13.393024396329842
  ],
  "Malawi": [
    34.186025820422806,
    -13.159247983782143
  ],
  "Mozambique": [
    35.54224341292384,
    -17.15408177172942
  ],
  "eSwatini": [
    31.395057294837454,
    -26.48961036713719
  ],
  "Angola": [
    17.46501490051317,
    -12.225613614982333
  ],
  "Burundi": [
    29.91403682471914,
    -3.3776956312361057
  ],
  "Israel": [
    35.00098872102661,
    31.479074944386973
  ],
  "Lebanon": [
    35.86843689863866,
    33.91020649639143
  ],
  "Madagascar": [
    46.729373695196344,
    -19.30122677471851
  ],
  "Palestine": [
    35.272787311818156,
    31.9398243596657
  ],
  "Gambia": [
    -15.432659224733518,
    13.476739304475803
  ],
  "Tunisia": [
    9.538671404378636,
    34.143848258453716
  ],
  "Algeria": [
    2.6119652341604183,
    28.0854809639131
  ],
  "Jordan": [
    36.766332796853156,
    31.24021662821758
  ],
  "United Arab Emirates": [
    54.20044722922346,
    23.871010109259696
  ],
  "Qatar": [
    51.1838446696885,
    25.320983229049347
  ],
  "Kuwait": [
    47.600841125608405,
    29.30717382955798
  ],
  "Iraq": [
    43.78694947477871,
    33.009692831957
  ],
  "Oman": [
    56.0677392947901,
    20.59154269923336
  ],
  "Vanuatu": [
    167.0729405158768,
    -15.542284969181424
  ],
  "Cambodia": [
    104.87409804573856,
    12.684927562145091
  ],
  "Thailand": [
    101.00248599581612,
    14.980675302013053
  ],
  "Laos": [
    103.78720209034563,
    18.430864535001426
  ],
  "Myanmar": [
    96.51319759040699,
    20.944799841822928
  ],
  "Vietnam": [
    106.33291978713162,
    16.55555147497658
  ],
  "North Korea": [
    127.13083425052875,
    40.1297243062498
  ],
  "South Korea": [
    127.81993152429597,
    36.418657448570634
  ],
  "Mongolia": [
    103.01565952926065,
    46.95419911477369
  ],
  "India": [
    79.53991712385177,
    22.819169766905116
  ],
  "Bangladesh": [
    90.27633888995999,
    23.83388512678864
  ],
  "Bhutan": [
    90.47333990862937,
    27.42955969804518
  ],
  "Nepal": [
    84.04345054999912,
    28.248958231527833
  ],
  "Pakistan": [
    69.23497895799804,
    29.90821391826716
  ],
  "Afghanistan": [
    66.00378286433504,
    33.84034880613984
  ],
  "Tajikistan": [
    71.04768548480315,
    38.58915974006616
  ],
  "Kyrgyzstan": [
    74.58707165651103,
    41.518710446172456
  ],
  "Turkmenistan": [
    59.3484276577152,
    39.10215746689576
  ],
  "Iran": [
    54.45297488708861,
    32.474135914851075
  ],
  "Syria": [
    38.52344399319117,
    35.00851139130995
  ],
  "Armenia": [
    45.00957332920173,
    40.21443732361939
  ],
  "Sweden": [
    16.109057778672746,
    62.41852307231613
  ],
  "Belarus": [
    27.96493659159701,
    53.495244860784396
  ],
  "Ukraine": [
    31.292438527598232,
    49.186609670808224
  ],
  "Poland": [
    19.343765521406297,
    52.13407363786625
  ],
  "Austria": [
    14.060187611718646,
    47.62095064753285
  ],
  "Hungary": [
    19.34303887071611,
    47.203540347386706
  ],
  "Moldova": [
    28.4197316411926,
    47.19636858392286
  ],
  "Romania": [
    24.95407532106762,
    45.85337950200309
  ],